{
  "metadata": {
    "empresa": "Empresa demo",
    "periodo": "Mayo 2026",
    "ejercicio": 2026,
    "version_motor": "MFA Motor v1.0",
    "fuente": "MFA MAYO BASE.xlsm",
    "generado": "2026-06-10",
    "notas": "Datos procesados y anonimizados para prototipo ejecutivo."
  },
  "kpis": {
    "liquidity_cash": 16852092.96,
    "current_ratio": 7.711657576127567,
    "quick_ratio": 6.380268903675314,
    "working_capital": 53589075.28,
    "income": 16625193.74,
    "costs": 2407212.44,
    "oper_exp": 2142889.1999999997,
    "fin_exp": 83207.04000000001,
    "profit_gross": 14217981.3,
    "profit_oper": 12075092.100000001,
    "profit_net": 11991885.060000002,
    "margin_gross": 0.8552069541175765,
    "margin_oper": 0.7263128652117591,
    "margin_net": 0.7213079887994137,
    "inflows": 472592.29000000004,
    "outflows": 3005303.7968066,
    "net_cash": -2532711.5068066,
    "cash_conversion": 0.028426272643244398,
    "coverage": 5.607450726913809,
    "score_emp": 73,
    "score_liq": 80,
    "score_rent": 100,
    "score_cash": 55,
    "score_cob": 35,
    "score_debt": 90,
    "activo_total": 65787859.72,
    "activo_circulante": 61573552.24,
    "activo_no_circulante": 954089.46,
    "pasivo_total": 7984476.96,
    "pasivo_corto_plazo": 7984476.96,
    "pasivo_largo_plazo": 0,
    "capital_total": 55094374.31,
    "endeudamiento": 0.12136702719898121,
    "apalancamiento": 0.14492363440001466,
    "roa": 0.18228112467921465,
    "roe": 0.2176607904198196,
    "cuadratura_diferencia": -9282876.610000014,
    "unclassified_count": 0
  },
  "charts": {
    "top_exp": [
      [
        "PROVEED CREDITO",
        798471.8461105999
      ],
      [
        "IMPUESTOS",
        547405.4299999999
      ],
      [
        "PYT COMPRAS CONTADO",
        385296.67000000004
      ],
      [
        "NOMINA TECNICOS",
        313081.86
      ],
      [
        "NOMINA EMPLEADOS",
        172826.45
      ],
      [
        "NOMINA ADMVOS",
        161687.47999999998
      ],
      [
        "PYT SERV IMPORTACION",
        127441.45
      ],
      [
        "RENTA OFICINA",
        109969.20069600001
      ]
    ],
    "top_in": [
      [
        "DEPOSITO USA",
        410294.4
      ],
      [
        "DEPOSITO CLIENTE",
        34396.74
      ],
      [
        "DEVOLUC PAGO ERRONEO",
        15570.15
      ],
      [
        "PEAJES DEVOLUCION",
        12000.0
      ],
      [
        "PEAJE",
        331.0
      ]
    ],
    "clients": [
      [
        "Cliente A",
        15586337.21
      ],
      [
        "Cliente B",
        15487762.17
      ],
      [
        "Cliente C",
        1247543.43
      ],
      [
        "Cliente D",
        1151991.96
      ],
      [
        "Cliente E",
        70582.12
      ],
      [
        "Cliente F",
        41311.22
      ],
      [
        "Cliente G",
        36874.38
      ],
      [
        "Cliente H",
        23527.81
      ]
    ]
  },
  "statements": {
    "balance": [
      [
        "Activo circulante",
        61573552.24
      ],
      [
        "Activo no circulante",
        954089.46
      ],
      [
        "Activo total",
        65787859.72
      ],
      [
        "Pasivo corto plazo",
        7984476.96
      ],
      [
        "Pasivo largo plazo",
        0
      ],
      [
        "Pasivo total",
        7984476.96
      ],
      [
        "Capital contable",
        55094374.31
      ],
      [
        "Resultado del periodo",
        11991885.060000002
      ],
      [
        "Diferencia de cuadratura",
        -9282876.610000014
      ]
    ],
    "income_statement": [
      [
        "Ventas / ingresos",
        16625193.74
      ],
      [
        "Costo de ventas",
        2407212.44
      ],
      [
        "Utilidad bruta",
        14217981.3
      ],
      [
        "Gastos operativos",
        2142889.1999999997
      ],
      [
        "Gastos financieros",
        83207.04000000001
      ],
      [
        "Impuestos resultado",
        0.0
      ],
      [
        "Utilidad neta estimada",
        11991885.060000002
      ]
    ],
    "cash_flow": [
      [
        "Entradas bancarias",
        472592.29000000004
      ],
      [
        "Salidas bancarias",
        3005303.7968066
      ],
      [
        "Flujo bancario neto",
        -2532711.5068066
      ],
      [
        "Conversión de cobranza",
        0.028426272643244398
      ]
    ]
  },
  "hallazgos": [
    {
      "tipo": "Riesgo",
      "titulo": "La operación genera utilidad, pero no efectivo suficiente.",
      "detalle": "El Estado de Resultados muestra utilidad positiva; sin embargo, el flujo bancario neto del periodo es negativo."
    },
    {
      "tipo": "Riesgo",
      "titulo": "Conversión de ventas a efectivo por debajo del umbral objetivo.",
      "detalle": "La entrada bancaria representa menos del 80% de los ingresos contables del periodo. Revisar cobranza, vigencia CFDI y saldos de clientes."
    },
    {
      "tipo": "Atención",
      "titulo": "Liquidez contable elevada.",
      "detalle": "La razón circulante supera 3x. Puede existir exceso de liquidez, cartera no recuperada o saldos pendientes de depuración."
    },
    {
      "tipo": "Integridad",
      "titulo": "Diferencia de cuadratura en estructura financiera.",
      "detalle": "Validar clasificación de capital, resultado del periodo y naturaleza de saldos para cerrar Activo = Pasivo + Capital."
    }
  ],
  "validaciones": {
    "unclassified_count": 0,
    "negative_nature_count": 10,
    "square_diff": -9282876.610000014,
    "bank_rows": 244,
    "balance_rows": 321,
    "dictionary_rows": 105,
    "detail_mode": "leaf_accounts"
  },
  "schema": {
    "balanza": [
      "Cuenta",
      "Nombre Cuenta",
      "Saldo Inicial Deudor",
      "Saldo Inicial Acreedor",
      "Cargo",
      "Abono",
      "Saldo Final Deudor",
      "Saldo Final Acreedor"
    ],
    "bancos": [
      "Fecha",
      "Banco/Clave",
      "Concepto",
      "Categoría",
      "Cargo",
      "Abono",
      "Saldo"
    ],
    "diccionario": [
      "Cuenta",
      "Estado financiero",
      "Clasificación contable",
      "Subgrupo",
      "Naturaleza",
      "Clasificación KPI",
      "Motor MFA"
    ]
  }
}